id;name;prenom;telephone
1;1080p Chicken matrix;Marketing Chicken Cotton;(469) 797-8774
2;Shoes attitude-oriented;Mouse Plastic Savings Account;529-670-9389 x25604
3;back-end Fantastic Cotton Fish online;Fantastic Wooden Chair Steel pink;065.737.9946
4;invoice;experiences software Kentucky;671-598-5143 x1403
5;database Israel quantifying;B2C;868.170.0748 x350
6;solutions;Rubber Tasty;(336) 426-7248 x18974
7;Towels Money Market Account Tactics;Sleek Sausages;(672) 583-5286 x26953
8;Leone;Usability Officer Massachusetts;(836) 880-7380 x4753
9;Ukraine Ergonomic systems;quantify Devolved Data;007-920-4702 x7684
10;Tasty Cotton Ball Grove;yellow scale;176.573.7439 x797
